{
    "resources": [
        {
            "name": "Component-dbg.js",
            "isDebug": true
        },
        {
            "name": "Component-preload.js",
            "merged": true
        },
        {
            "name": "Component.js"
        },
        {
            "name": "controller\\App-dbg.controller.js",
            "isDebug": true
        },
        {
            "name": "controller\\App.controller.js"
        },
        {
            "name": "controller\\BaseController-dbg.js",
            "isDebug": true
        },
        {
            "name": "controller\\BaseController.js"
        },
        {
            "name": "controller\\NotFound-dbg.controller.js",
            "isDebug": true
        },
        {
            "name": "controller\\NotFound.controller.js"
        },
        {
            "name": "controller\\StartPage-dbg.controller.js",
            "isDebug": true
        },
        {
            "name": "controller\\StartPage.controller.js"
        },
        {
            "name": "css\\style.css"
        },
        {
            "name": "i18n\\i18n.properties",
            "raw": "i18n\\i18n.properties"
        },
        {
            "name": "Index.html"
        },
        {
            "name": "localService\\Data\\EquipmentSet.json"
        },
        {
            "name": "localService\\metadata.xml"
        },
        {
            "name": "localService\\server-dbg.js",
            "isDebug": true
        },
        {
            "name": "localService\\server.js"
        },
        {
            "name": "manifest.json"
        },
        {
            "name": "model\\formatter-dbg.js",
            "isDebug": true
        },
        {
            "name": "model\\formatter.js"
        },
        {
            "name": "model\\models-dbg.js",
            "isDebug": true
        },
        {
            "name": "model\\models.js"
        },
        {
            "name": "utils\\Utils-dbg.js",
            "isDebug": true
        },
        {
            "name": "utils\\Utils.js"
        },
        {
            "name": "version.json"
        },
        {
            "name": "view\\App.view.xml"
        },
        {
            "name": "view\\NotFound.view.xml"
        },
        {
            "name": "view\\StartPage.view.xml"
        }
    ]
}