{
  "Component-dbg.js": 1591801353456,
  "Component-preload.js": 1591801353431,
  "Component.js": 1591801356278,
  "controller/App-dbg.controller.js": 1591801353457,
  "controller/App.controller.js": 1591801356289,
  "controller/BaseController-dbg.js": 1591801353459,
  "controller/BaseController.js": 1591801356310,
  "controller/NotFound-dbg.controller.js": 1591801353460,
  "controller/NotFound.controller.js": 1591801356315,
  "controller/StartPage-dbg.controller.js": 1591801353462,
  "controller/StartPage.controller.js": 1591801356322,
  "css/style.css": 1591801356365,
  "i18n/i18n.properties": 1591801353465,
  "Index.html": 1591801353467,
  "localService/Data/EquipmentSet.json": 1591801353469,
  "localService/metadata.xml": 1591801353471,
  "localService/server-dbg.js": 1591801353473,
  "localService/server.js": 1591801356331,
  "manifest.json": 1591801353474,
  "model/formatter-dbg.js": 1591801353476,
  "model/formatter.js": 1591801356337,
  "model/models-dbg.js": 1591801353478,
  "model/models.js": 1591801356342,
  "resources.json": 1591801356450,
  "utils/Utils-dbg.js": 1591801353479,
  "utils/Utils.js": 1591801356344,
  "version.json": 1591801353480,
  "view/App.view.xml": 1591801353482,
  "view/NotFound.view.xml": 1591801353483,
  "view/StartPage.view.xml": 1591801353485
}